Cell ID	Centroid X um	Centroid Y um	Area µm^2	DAPI: Mean	DAPI: Median	CD3e: Mean	CD3e: Median	Nucleus: CD3e: Mean	Cell Type
cell-001	355.886661	441.653955	26.872203	101.085743	123.496829	50.277834	17.71372	87.281533	T cell
cell-002	331.048789	479.922468	136.229664	201.387931	67.35751	96.337698	30.350575	34.263104	B cell
cell-003	113.793828	270.560933	71.580203	88.867261	96.1799	65.894126	44.493829	43.625471	Other
cell-004	108.916619	120.103228	113.506727	127.91641	121.450519	31.172042	45.576926	27.49835	T cell
cell-005	399.631985	455.578378	134.029474	121.020865	91.987076	25.048523	41.201388	27.871727	B cell
cell-006	235.487072	88.792773	75.246972	82.780228	85.16748	42.862963	44.231886	22.940159	Other
cell-007	30.639103	84.382323	67.096449	53.325909	64.503447	51.588852	68.673735	61.336414	T cell
cell-008	115.793307	41.903383	78.083053	111.110574	129.772874	44.740479	18.792594	31.597399	B cell
cell-009	111.048466	498.561782	111.980581	106.730376	59.21977	40.809497	25.12239	63.929931	Other
cell-010	443.332087	204.531792	74.25554	105.6723	94.245937	44.471366	29.807727	58.655341	T cell
cell-011	63.83051	158.410671	95.624329	112.447038	55.744367	42.094637	19.027776	22.736283	B cell
cell-012	369.289107	69.231511	131.288645	75.016552	67.387427	46.526412	23.118685	44.456472	Other
cell-013	160.597288	223.686777	27.076886	98.150913	133.162593	25.553186	26.131322	30.308107	T cell
cell-014	337.654019	237.042872	22.228989	134.30038	94.166912	47.459605	26.20484	42.564551	B cell
cell-015	438.987228	238.1265	24.814682	112.371072	113.98443	33.524815	88.290763	41.331232	Other
cell-016	227.043817	184.962629	54.515143	67.705715	130.077516	64.302607	43.851188	23.062163	T cell
cell-017	148.813469	316.637915	91.654244	87.43056	70.212452	85.753052	30.269203	37.570107	B cell
cell-018	382.951457	402.372202	114.769789	48.600403	73.456755	37.655553	25.1802	62.655839	Other
cell-019	419.866559	298.154834	134.942299	81.355198	94.300478	33.800605	40.733343	52.485636	T cell
cell-020	379.695727	37.901575	63.835613	49.628999	87.643352	33.951922	26.918682	55.243025	B cell
cell-021	504.541984	105.357748	121.801456	143.966852	69.337441	41.899703	13.417113	52.64054	Other
cell-022	256.784796	426.199606	71.33948	81.299732	73.371196	38.358123	61.164268	41.742943	T cell
cell-023	459.426553	132.548805	84.72718	85.563868	59.750255	39.548945	32.588442	43.361043	B cell
cell-024	375.67208	45.530207	133.105248	95.209605	77.351707	58.683711	30.190193	46.079818	Other
cell-025	317.150226	20.589407	38.271289	113.92391	70.370976	22.541326	39.896749	14.331803	T cell
cell-026	243.061651	112.666603	92.253291	114.920244	76.828999	39.403184	35.375925	38.578284	B cell
cell-027	504.860498	260.318278	49.40944	117.0384	62.120638	56.058174	26.906261	70.133121	Other
cell-028	51.765722	470.341155	120.033615	138.723375	114.238327	54.581536	38.082046	19.034105	T cell
cell-029	33.105486	167.437353	127.773304	91.824968	75.318936	29.382444	47.071462	45.880597	B cell
cell-030	400.618242	402.299043	56.201424	149.790006	65.40989	57.639405	38.973758	59.322374	Other
cell-031	58.252114	506.923989	79.587327	136.849913	155.304499	49.992875	24.82313	21.033986	T cell
cell-032	246.94103	171.637419	64.996304	126.10062	64.35836	54.379382	40.205374	40.551365	B cell
cell-033	22.498483	51.181707	139.726238	67.625149	122.551423	39.300485	20.143848	46.091999	Other
cell-034	143.582638	106.386964	77.730009	116.638953	73.318289	21.646098	43.773628	36.867996	T cell
cell-035	67.730989	175.354168	114.415736	132.747044	106.387727	44.620315	32.484429	27.872214	B cell
cell-036	409.500596	364.938241	99.944134	130.953789	53.750093	44.896858	28.365612	69.047604	Other
cell-037	309.119445	375.076342	151.546655	134.573708	147.879249	35.660197	55.340415	27.611758	T cell
cell-038	39.964885	129.297991	23.020812	89.920813	182.300413	36.37425	37.30683	34.114639	B cell
cell-039	193.738124	101.869517	34.439788	135.674022	76.753707	41.970223	60.185753	33.996131	Other
cell-040	453.122948	508.73906	66.388989	213.920868	89.623954	78.783599	25.163824	39.620919	T cell
cell-041	305.489344	19.215617	119.574898	123.059315	95.265083	81.385857	42.025554	32.866094	B cell
cell-042	205.583553	47.404693	112.109268	154.734507	59.121725	44.041067	30.785871	22.4395	Other
cell-043	180.717315	363.315786	151.458617	130.120699	150.13766	37.479729	45.038302	39.608096	T cell
cell-044	44.247479	147.464659	84.164904	83.030918	82.03802	40.199455	19.027872	52.752386	B cell
cell-045	76.997582	314.911881	149.052034	96.790742	177.598491	37.325282	19.771196	34.903334	Other
cell-046	344.056506	231.648778	115.00607	90.346834	50.982866	34.427799	39.040849	60.867836	T cell
cell-047	460.341618	483.730739	46.58593	70.889584	140.094676	91.510214	16.770877	49.329512	B cell
cell-048	432.301785	87.615812	103.332111	96.996277	72.136084	25.492798	38.538917	45.094639	Other
cell-049	61.888603	409.140947	94.142958	96.703136	79.126644	36.527535	17.679581	45.044672	T cell
cell-050	61.913538	92.705406	25.150158	79.42504	98.576125	41.092939	20.246308	21.059146	B cell
cell-051	63.762303	23.011496	125.045033	77.078999	85.413294	50.998401	28.758121	64.521364	Other
cell-052	202.959939	457.558693	65.711564	77.655433	83.219475	96.305387	22.861139	48.648072	T cell
cell-053	152.418255	189.893602	148.16357	211.642277	98.850936	30.774577	36.39546	125.449637	B cell
cell-054	474.878055	334.422214	50.416299	92.157435	95.20567	30.858321	36.305041	30.647729	Other
cell-055	485.922236	122.52002	84.166347	171.265268	90.294409	26.867696	23.398503	50.613953	T cell
cell-056	245.21624	34.677971	34.020621	96.225595	155.797796	45.084743	36.667173	44.991571	B cell
cell-057	411.132825	291.581885	54.244722	88.790795	124.840878	82.402852	43.745302	73.186032	Other
cell-058	75.918563	209.612095	126.514216	165.583231	107.229754	67.56972	27.273388	41.48508	T cell
cell-059	415.830619	313.052063	148.898001	111.183961	66.475911	57.625166	39.927712	40.199054	B cell
cell-060	249.487522	1.151986	71.573579	90.451626	83.089367	21.257635	53.967456	66.066492	Other
cell-061	125.823272	201.077835	133.282399	84.877817	89.856042	44.047904	35.126306	19.381885	T cell
cell-062	386.600525	408.10765	88.941955	92.929044	106.815406	33.532888	56.882085	20.508931	B cell
cell-063	17.146093	149.092316	68.412557	78.996351	115.390197	32.583363	29.94433	29.81005	Other
cell-064	135.853732	429.410044	49.469155	86.933384	102.996001	43.891506	48.694321	30.383287	T cell
cell-065	454.505983	381.776758	123.491095	103.122192	121.544977	55.723357	43.742207	13.863532	B cell
cell-066	243.422744	39.384242	103.565197	163.505426	65.892669	18.943536	38.873428	83.335433	Other
cell-067	185.464762	359.733375	93.853859	105.169564	72.434424	67.724071	44.02104	62.824301	T cell
cell-068	433.088659	437.902848	155.313582	109.54112	86.423857	40.489956	18.666721	86.333447	B cell
cell-069	371.58388	481.954068	158.40422	99.401847	91.848085	43.382511	16.191732	30.76566	Other
cell-070	494.753006	500.004281	130.33196	131.41751	93.495143	22.509789	49.336239	49.435798	T cell
cell-071	360.228259	27.38433	134.552103	137.825674	72.909524	34.692675	42.812981	20.461137	B cell
cell-072	383.428212	345.279549	26.087797	101.540467	94.078869	37.426379	40.832066	35.630491	Other
cell-073	101.269947	416.264867	62.401231	109.55406	125.311666	23.254513	46.997674	43.417689	T cell
cell-074	51.60705	464.755903	86.364843	99.269279	83.896982	15.724512	55.694246	28.920131	B cell
cell-075	439.61898	236.476408	125.731032	97.268067	50.267619	44.367984	41.851278	42.281341	Other
cell-076	370.878421	322.995138	131.436804	82.041985	92.964403	38.648736	47.401541	33.130506	T cell
cell-077	325.027645	255.241072	88.91023	110.220303	109.232222	42.437365	19.630774	51.835983	B cell
cell-078	359.200219	266.015047	28.433873	88.613777	108.600051	49.637819	24.893879	63.839911	Other
cell-079	58.178874	120.002275	62.373169	87.935868	84.664639	34.920422	45.216001	30.133408	T cell
cell-080	21.251403	12.475787	100.349168	126.720669	74.4836	48.694948	24.308838	53.842277	B cell
